USER ID,User Name,DOB,Age,Gender,Email ID,Country,Location,Mobile No.,DOR,Stat
L22304,Joy Verma,29-09-1993,29,M,joy.verma@gmail.com,India,New Delhi,880052012,22-04-2020,Active
L22305,Preeti Rao,27-04-1991,31,F,preeti.rao@gmail.com,India,"Pune, Maharashtra",7011782601,09-05-2018,Active
L22306,Abreu Sarto,24-04-1995,25,M,abreusartoofficial@gmail.com,France,"Rennes, Brittany",2254581988,13-10-2022,Active
L22307,Andres Martin,08-03-1987,35,M,andresmartin@hotmail.com,Spain,Albacete,178978589,23-07-2021,Active
L22308,Olivia Miller,27-04-1997,25,F,olivia.miller@gmail.com,Canada,"Gatineau, Quebec",234523523,01-12-2019,Active
L22310,Noah Hill,28-04-1982,38,M,william.noah@yahoo.com,US,"Miami, Florida",7895574588,25-02-2021,Active
L22311,Emily Grace,29-04-1979,42,F,emily.grace@yahoo.com,US,"Austin, Texas",8855745541,03-02-2021,Active
L22312,Camila Lopez,30-04-1991,31,F,camila.lopez@gmail.com,Spain,Madrid,10233806,29-12-2020,Active
L22313,Ansh Rawat,01-05-1996,26,M,anshrwt@gmail.com,India,"Almora, Uttarakhand",999999550,28-06-2022,Active
L22314,Darya Ivanova,02-05-1992,30,F,ivan.darya@gmail.com,Russia,Moscow,34522345,03-08-2020,Active
L22315,Jeet Randhawa,03-05-1997,24,M,jeetster@gmail.com,India,"Ludhiana, Punjab",77880011995,18-04-2018,Active
L22316,Ava Jones,04-05-1982,20,F,ava.jones77@gmail.com,US,"Washington, D.C.",9998810267,01-08-2022,Active
L22317,Hugo Garnier,05-05-2003,35,M,garnier.hugo@gmail.com,France,Paris,2423534,13-10-2022,Active
L22318,Korowole Adeoye,06-05-1988,55,F,morounkey@gmail.com,Nigeria,"Ikeja, Lagos",9991180261,21-03-2019,Active
L22320,Kabir Hossain,08-05-1978,44,M,kabirhossain@gmail.com,Bangladesh,"Lubbok, Texas",5698725,26-01-2020,Active
L22321,Aarav Sharma,09-05-1980,42,M,aaravsharma@gmail.com,India,"Siliguri, West Bengal",9997788544,30-01-2020,Active
L22322,Hirono Hidenori,10-05-1972,65,M,hironoridenori@gmail.com,Japan,Tohoku,265228800,21-09-2018,Active
L22323,Gabriela Gonzalez,11-05-1983,19,F,gabygonzalez@gmail.com,Colombia,Santa Marta,6742898848,01-11-2019,Active
L22324,Areeba Kashif,12-05-2003,19,F,areebakashif@gmail.com,Pakistan,Karachi,1122588738,15-11-2020,Active
L22325,R. Arroyo-Gonzalez,12-05-1984,36,M,rodriguezricardo@gmail.com,Puerto Rico,San Juan,4565698870,27-09-2022,Active
L22326,Claire Laurent,13-05-1979,42,F,clairelaurent@gmail.com,France,"Dijon, Burgundy",9296699908,09-09-2022,Active
L22327,Polina Mikhailov,14-05-1997,27,F,polina91@yahoo.com,Russia,Vladivostok,3524523235,11-06-2021,Active
L22328,Shailja Lama,15-05-1994,26,F,lamashailja@gmail.com,India,"Jaipur, Rajasthan",8442167004,16-02-2022,Active
L22329,Maciej Zurkowski,16-05-1962,60,M,maciej2012@gmail.com,Poland,"Katowice, Silesian",8988908,07-04-2022,Active
L22330,Alberto Rodrigo,17-05-1993,29,M,albertor@yahoo.com,Spain,"Cornella, Barcelona",480117228,07-11-2021,Active
L22331,Robert George,18-05-1985,34,M,georgerobert@yahoo.com,UK,"Bristol, England",790080183,29-01-2018,Active
L22332,Isabela Angelo,19-05-1995,25,F,isabela.angelo@gmail.com,Colombia,Bogota,2211550188,04-01-2022,Active
L22333,Olivia Roy,20-05-1998,24,F,oliviaroy@gmail.com,India,Indore,885566987,15-02-2019,Active
L22334,H. E. Jackson,21-05-1990,30,M,harryjackson@gmail.com,UK,London,90880909,06-07-2019,Active
L22335,L. B. Adeoye,22-05-1994,31,M,adeoyebabalola@gmail.com,Nigeria,Ikeja,6078905307,11-01-2019,Active
L22336,Mishi Andrew,24-05-1964,58,F,mishi.andrew@yahoo.com,India,"Okhla, New Delhi",9876543210,04-07-2019,Active
L22337,Luis Martinez,25-05-1997,26,M,luismartinez55@gmail.com,Colombia,"Siliguri, West Bengal",6078905078,28-11-2020,Active
L22338,Misty Sequoria,26-05-2005,17,F,mistyworld@yahoo.com,US,"Piedmont, California",999999550,19-06-2022,Active
L22339,Harsh Rawat,27-05-1995,26,M,harshrwt@gmail.com,India,"Solan, Himachal Pradesh",9919191958,04-09-2018,Active
L22340,Priya Bose,28-05-2006,16,F,bosepriya06@gmail.com,India,"Bhagalpur, Bihar",887654552,18-12-2022,Active
L22341,Andrew George,29-05-1960,62,M,andrewgeorge@gmail.com,France,"Saint-Oir, Lorrain",897654552,24-07-2021,Active
L22342,Kaori Ishikawa,30-05-1984,38,F,kaoriishi21@gmail.com,Japan,Akita,9998810267,09-03-2022,Active
L22343,Danny Casey,31-05-2004,18,M,casey.danny@gmail.com,UK,"Stirling, Scotland",23452344,05-08-2020,Active
L22344,Chibunna Kalu,01-06-1957,65,M,kaluchibu@gmail.com,Nigeria,"Hayinland, Lagos",4458921200,13-02-2018,Active
L22345,Valentina Rivera,02-06-1991,31,F,valentinarivera@gmail.com,Puerto Rico,Guabate,8718780828,20-06-2020,Active
L22346,Arti Devi,03-06-2002,20,F,artidevi@gmail.com,India,"Noida, Uttar Pradesh",7855698745,03-11-2022,Active
L22347,Denis Bernard,04-06-2001,21,M,denisbernard@gmail.com,France,"Ifs, Basse-Normandie",6718780828,31-01-2019,Active
L22348,Antoine Loiseau,05-06-2004,18,M,antoineloiseau@gmail.com,Russia,Irkutsk,2215589064,11-12-2022,Active